title,preview
"NASA Administrator Statement on Moon to Mars Initiative, FY 2021 Budget","Jim Bridenstine addresses NASA's ambitious plans for the coming years, including Mars Sample Return."
Mars Helicopter Attached to NASA's Perseverance Rover,The team also fueled the rover's sky crane to get ready for this summer's history-making launch.
HiRISE Views NASA's InSight and Curiosity on Mars,New images taken from space offer the clearest orbital glimpse yet of InSight as well as a view of Curiosity rolling along.
Follow NASA's Perseverance Rover in Real Time on Its Way to Mars,"A crisply rendered web application can show you where the agency's Mars 2020 mission is right now as it makes its way to the Red Planet for a Feb. 18, 2021, landing."
Deadline Closing for Names to Fly on NASA's Next Mars Rover,You have until Sept. 30 to send your names to Mars aboard the Mars 2020 rover. 
NASA's Perseverance Mars Rover Gets Balanced,The mission team performed a crucial weight-balancing test on the rover in preparation for this summer's history-making launch to the Red Planet.
NASA's MAVEN Observes Martian Night Sky Pulsing in Ultraviolet Light,"Vast areas of the Martian night sky pulse in ultraviolet light, according to images from NASAâ€™s MAVEN spacecraft. The results are being used to illuminate complex circulation patterns in the Martian atmosphere."
NASA's Mars 2020 Heads Into the Test Chamber,"In this time-lapse video taken at JPL, engineers move the Mars 2020 rover into a large vacuum chamber for testing in Mars-like environmental conditions."
A Martian Roundtrip: NASA's Perseverance Rover Sample Tubes,"Marvels of engineering, the rover's sample tubes must be tough enough to safely bring Red Planet samples on the long journey back to Earth in immaculate condition. "
NASA's Mars Rover Drivers Need Your Help,"Using an online tool to label Martian terrain types, you can train an artificial intelligence algorithm that could improve the way engineers guide the Curiosity rover."
Two of a Space Kind: Apollo 12 and Mars 2020,"Apollo 12 and the upcoming Mars 2020 mission may be separated by half a century, but they share several goals unique in the annals of space exploration."
The MarCO Mission Comes to an End,The pair of briefcase-sized satellites made history when they sailed past Mars in 2019.
"What's Mars Solar Conjunction, and Why Does It Matter?","NASA spacecraft at Mars are going to be on their own for a few weeks when the Sun comes between Mars and Earth, interrupting communications."
"All About the Laser (and Microphone) Atop Mars 2020, NASA's Next Rover",SuperCam is a rock-vaporizing instrument that will help scientists hunt for Mars fossils.
NASA to Hold Mars 2020 Perseverance Rover Launch Briefing,Learn more about the agency's next Red Planet mission during a live event on June 17.
